"Database_Name","Table_Name","Column_Name","Column_Order","Column_Type_Full","Data_Type_Base","Is_Nullable","Column_Key_Type","Default_Value","Extra_Info","Column_Comment"
smap2_db,alembic_version,version_num,1,varchar(32),varchar,NO,PRI,,"",""
smap2_db,banner_t,bt_idx,1,int(11),int,NO,PRI,,auto_increment,""
smap2_db,banner_t,bt_type,2,tinyint(1),tinyint,YES,MUL,NULL,"",구분 1:메인배너
smap2_db,banner_t,bt_title,3,varchar(100),varchar,YES,MUL,NULL,"",제목
smap2_db,banner_t,bt_file,4,varchar(50),varchar,YES,"",NULL,"",파일명
smap2_db,banner_t,bt_file_ori,5,varchar(50),varchar,YES,"",NULL,"",원본파일명
smap2_db,banner_t,bt_file_size,6,varchar(50),varchar,YES,"",NULL,"",파일사이즈
smap2_db,banner_t,bt_url,7,varchar(255),varchar,YES,"",NULL,"",url
smap2_db,banner_t,bt_target,8,tinyint(1),tinyint,YES,"",NULL,"","타겟 1:새창, 2:현재창"
smap2_db,banner_t,bt_rank,9,int(11),int,YES,"",NULL,"",노출순서 (낮을수록 먼저 노출)
smap2_db,banner_t,bt_show,10,"enum('Y','N')",enum,YES,MUL,'Y',"",노출여부
smap2_db,banner_t,bt_wdate,11,datetime,datetime,YES,"",NULL,"",등록일시
smap2_db,coupon_log_t,clt_idx,1,int(11),int,NO,PRI,,auto_increment,""
smap2_db,coupon_log_t,mt_idx,2,int(11),int,YES,MUL,NULL,"",회원idx
smap2_db,coupon_log_t,coupon_idx,3,int(11),int,YES,MUL,NULL,"",쿠폰idx
smap2_db,coupon_log_t,coupon_code,4,varchar(50),varchar,YES,MUL,NULL,"",쿠폰코드
smap2_db,coupon_log_t,clt_show,5,"enum('Y','N')",enum,YES,"",'Y',"",노출여부 Y:노출 N:미노출
smap2_db,coupon_log_t,clt_wdate,6,datetime,datetime,YES,"",NULL,"",사용일자
smap2_db,coupon_log_t,clt_cdate,7,datetime,datetime,YES,"",NULL,"",취소일시
smap2_db,coupon_t,ct_idx,1,int(11),int,NO,PRI,,auto_increment,""
smap2_db,coupon_t,ct_title,2,varchar(255),varchar,YES,MUL,NULL,"",쿠폰명
smap2_db,coupon_t,ct_subtitle,3,varchar(255),varchar,YES,MUL,NULL,"",쿠폰설명
smap2_db,coupon_t,ct_code,4,varchar(50),varchar,YES,MUL,NULL,"",쿠폰코드
smap2_db,coupon_t,ct_type1,5,tinyint(1),tinyint,YES,MUL,"1","","쿠폰기간 1:기간, 2:발급일기준"
smap2_db,coupon_t,ct_sdate,6,date,date,YES,MUL,NULL,"",시작일
smap2_db,coupon_t,ct_edate,7,date,date,YES,MUL,NULL,"",마감일
smap2_db,coupon_t,ct_days,8,tinyint(4),tinyint,YES,"",NULL,"",가용일수(유료플랜 일수)
smap2_db,coupon_t,ct_use,9,"enum('Y','N')",enum,YES,"",'Y',"",사용여부
smap2_db,coupon_t,ct_end,10,"enum('Y','N')",enum,YES,"",'Y',"",만료여부
smap2_db,coupon_t,ct_show,11,"enum('Y','N')",enum,YES,MUL,'Y',"",노출여부
smap2_db,coupon_t,ct_wdate,12,datetime,datetime,YES,"",NULL,"",등록일시
smap2_db,coupon_t,ct_udate,13,datetime,datetime,YES,"",NULL,"",수정일시
smap2_db,coupon_t,ct_member,14,varchar(50),varchar,YES,"",NULL,"",회원명
smap2_db,cte,mlt_idx,1,int(11),int,YES,"",NULL,"",""
smap2_db,cte,mt_idx,2,int(11),int,YES,"",NULL,"",""
smap2_db,cte,mlt_lat,3,"decimal(16,14)",decimal,YES,"",NULL,"",""
smap2_db,cte,mlt_long,4,"decimal(17,14)",decimal,YES,"",NULL,"",""
smap2_db,cte,mlt_accuacy,5,float,float,YES,"",NULL,"",""
smap2_db,cte,mlt_speed,6,float,float,YES,"",NULL,"",""
smap2_db,cte,mlt_battery,7,tinyint(4),tinyint,YES,"",NULL,"",""
smap2_db,cte,mlt_fine_location,8,char(1),char,YES,"",NULL,"",""
smap2_db,cte,mlt_location_chk,9,char(1),char,YES,"",NULL,"",""
smap2_db,cte,mt_health_work,10,smallint(6),smallint,YES,"",NULL,"",""
smap2_db,cte,mlt_gps_time,11,datetime,datetime,YES,"",NULL,"",""
smap2_db,cte,mlt_wdate,12,datetime,datetime,YES,"",NULL,"",""
smap2_db,cte,time_diff,13,varchar(19),varchar,YES,"",NULL,"",""
smap2_db,faq_category_t,fct_idx,1,int(11),int,NO,PRI,,auto_increment,""
smap2_db,faq_category_t,fct_name,2,varchar(50),varchar,YES,MUL,NULL,"",카테고리명
smap2_db,faq_category_t,fct_rank,3,int(11),int,YES,"",NULL,"",노출순서 낮을수록 상위노출
smap2_db,faq_category_t,fct_show,4,"enum('Y','N')",enum,YES,MUL,'Y',"",노출여부 
smap2_db,faq_category_t,fct_wdate,5,datetime,datetime,YES,"",NULL,"",등록일시
smap2_db,faq_t,ft_idx,1,int(11),int,NO,PRI,,auto_increment,""
smap2_db,faq_t,fct_idx,2,int(11),int,YES,MUL,NULL,"",카테고리idx
smap2_db,faq_t,fct_name,3,varchar(50),varchar,YES,"",NULL,"",카테고리명
smap2_db,faq_t,ft_title,4,varchar(200),varchar,YES,MUL,NULL,"",제목
smap2_db,faq_t,ft_content,5,mediumtext,mediumtext,YES,"",NULL,"",내용
smap2_db,faq_t,ft_rank,6,int(11),int,YES,"",NULL,"",노출순서 낮을수록 상위노출
smap2_db,faq_t,ft_show,7,"enum('Y','N')",enum,YES,MUL,'Y',"",노출여부
smap2_db,faq_t,ft_wdate,8,datetime,datetime,YES,"",NULL,"",등록일시
smap2_db,member_location_log_t,mlt_idx,1,int(11),int,NO,PRI,,auto_increment,""
smap2_db,member_location_log_t,mt_idx,2,int(11),int,NO,PRI,,"",회원idx
smap2_db,member_location_log_t,mlt_lat,3,"decimal(16,14)",decimal,YES,MUL,NULL,"",위도
smap2_db,member_location_log_t,mlt_long,4,"decimal(17,14)",decimal,YES,MUL,NULL,"",경도
smap2_db,member_location_log_t,mlt_accuacy,5,float,float,YES,MUL,NULL,"",위치값(수평 정확도)
smap2_db,member_location_log_t,mlt_speed,6,float,float,YES,MUL,NULL,"",속도(m/s)
smap2_db,member_location_log_t,mlt_battery,7,tinyint(4),tinyint,YES,MUL,NULL,"",배터리
smap2_db,member_location_log_t,mlt_fine_location,8,"enum('Y','N')",enum,YES,MUL,'Y',"",위치정확도
smap2_db,member_location_log_t,mlt_location_chk,9,"enum('Y','N')",enum,YES,MUL,'Y',"",위치정보허용여부
smap2_db,member_location_log_t,mt_health_work,10,smallint(6),smallint,YES,MUL,NULL,"",걸음수
smap2_db,member_location_log_t,mlt_gps_time,11,datetime,datetime,NO,PRI,,"",gps 시간
smap2_db,member_location_log_t,mlt_wdate,12,datetime,datetime,YES,MUL,NULL,"",등록일시
smap2_db,member_location_log_t,stay_lat,13,"decimal(16,14)",decimal,YES,"",NULL,"",체류 중심위도
smap2_db,member_location_log_t,stay_long,14,"decimal(17,14)",decimal,YES,"",NULL,"",체류 중심경도
smap2_db,member_location_log_t_back,mlt_idx,1,int(11),int,NO,"","0","",""
smap2_db,member_location_log_t_back,mt_idx,2,int(11),int,YES,"",NULL,"",회원idx
smap2_db,member_location_log_t_back,mlt_lat,3,"decimal(16,14)",decimal,YES,"",NULL,"",위도
smap2_db,member_location_log_t_back,mlt_long,4,"decimal(17,14)",decimal,YES,"",NULL,"",경도
smap2_db,member_location_log_t_back,mlt_accuacy,5,float,float,YES,"",NULL,"",위치값(수평 정확도)
smap2_db,member_location_log_t_back,mlt_speed,6,float,float,YES,"",NULL,"",속도(m/s)
smap2_db,member_location_log_t_back,mlt_battery,7,tinyint(4),tinyint,YES,"",NULL,"",배터리
smap2_db,member_location_log_t_back,mlt_fine_location,8,"enum('Y','N')",enum,YES,"",'Y',"",위치정확도
smap2_db,member_location_log_t_back,mlt_location_chk,9,"enum('Y','N')",enum,YES,"",'Y',"",위치정보허용여부
smap2_db,member_location_log_t_back,mt_health_work,10,smallint(6),smallint,YES,"",NULL,"",걸음수
smap2_db,member_location_log_t_back,mlt_gps_time,11,datetime,datetime,YES,"",NULL,"",gps 시간
smap2_db,member_location_log_t_back,mlt_wdate,12,datetime,datetime,YES,"",NULL,"",등록일시
smap2_db,member_location_log_t_back,stay_lat,13,"decimal(16,14)",decimal,YES,"",NULL,"",체류 중심위도
smap2_db,member_location_log_t_back,stay_long,14,"decimal(17,14)",decimal,YES,"",NULL,"",체류 중심경도
smap2_db,member_login_t,mlt_idx,1,int(11),int,NO,PRI,,auto_increment,""
smap2_db,member_login_t,mt_idx,2,int(11),int,YES,MUL,NULL,"", 회원idx
smap2_db,member_login_t,mlt_REMOTE_ADDR,3,varchar(20),varchar,YES,MUL,NULL,"",접속아이피
smap2_db,member_login_t,mlt_wdate,4,datetime,datetime,YES,"",NULL,"",등록일시
smap2_db,member_suspension_t,mst_idx,1,int(11),int,NO,PRI,,auto_increment,""
smap2_db,member_suspension_t,mt_idx,2,int(11),int,YES,MUL,NULL,"",회원idx
smap2_db,member_suspension_t,mst_sdate,3,datetime,datetime,YES,"",NULL,"",이용정지 시작일시
smap2_db,member_suspension_t,mst_edate,4,datetime,datetime,YES,"",NULL,"","이용정지 마감일시, 영구정지는 100년으로 한다"
smap2_db,member_suspension_t,mst_memo,5,varchar(200),varchar,YES,"",NULL,"",이용정지 내용
smap2_db,member_suspension_t,mst_warning,6,varchar(50),varchar,YES,"",NULL,"",로그인시 보여지는 문구
smap2_db,member_suspension_t,mst_wdate,7,datetime,datetime,YES,"",NULL,"",등록일시
smap2_db,member_t,mt_idx,1,int(11),int,NO,PRI,,auto_increment,""
smap2_db,member_t,mt_type,2,tinyint(1),tinyint,YES,MUL,NULL,"","로그인구분 1:일반, 2:카톡, 3:애플, 4:구글"
smap2_db,member_t,mt_level,3,tinyint(1),tinyint,YES,MUL,NULL,"","회원등급 1:탈퇴, 2:일반(무료), 3:휴면, 4:유예,5:유료 9:관리자"
smap2_db,member_t,mt_recommend_chk,4,"enum('Y','N')",enum,YES,MUL,'N',"",추천인 사용 체크 여부 Y:사용 N:사용안함
smap2_db,member_t,mt_last_receipt_token,5,longtext,longtext,YES,"",NULL,"",마지막 영수증 토큰
smap2_db,member_t,mt_plan_date,6,datetime,datetime,YES,MUL,NULL,"",플랜 마감일자
smap2_db,member_t,mt_plan_check,7,"enum('Y','N')",enum,YES,"",'N',"",플랜 구독 여부(Y:진행중 N:보류 및 취소)
smap2_db,member_t,mt_os_check,8,tinyint(1),tinyint,YES,"","0","","os체크(0:aos, 1:ios)"
smap2_db,member_t,mt_rec_date,9,datetime,datetime,YES,MUL,NULL,"",추천인 사용일자
smap2_db,member_t,mt_status,10,tinyint(1),tinyint,YES,MUL,NULL,"","회원상태 1:정상, 2:정지"
smap2_db,member_t,mt_id,11,varchar(200),varchar,YES,MUL,NULL,"",아이디(전화번호)
smap2_db,member_t,mt_id_retire,12,varchar(200),varchar,YES,"",NULL,"",탈퇴 아이디
smap2_db,member_t,mt_pwd,13,varchar(200),varchar,YES,MUL,NULL,"",비밀번호
smap2_db,member_t,mt_pwd_cnt,14,tinyint(1),tinyint,YES,"",NULL,"",비밀번호 체크 카운터 로그인하면 리셋
smap2_db,member_t,mt_token_id,15,varchar(255),varchar,YES,MUL,NULL,"",앱토큰 아이디
smap2_db,member_t,mt_name,16,varchar(50),varchar,YES,MUL,NULL,"",이름
smap2_db,member_t,mt_nickname,17,varchar(50),varchar,YES,MUL,NULL,"",닉네임
smap2_db,member_t,mt_hp,18,varchar(20),varchar,YES,MUL,NULL,"",연락처
smap2_db,member_t,mt_email,19,varchar(200),varchar,YES,"",NULL,"",이메일
smap2_db,member_t,mt_birth,20,date,date,YES,"",NULL,"",생년월일
smap2_db,member_t,mt_gender,21,tinyint(1),tinyint,YES,MUL,NULL,"",성별
smap2_db,member_t,mt_file1,22,varchar(50),varchar,YES,MUL,NULL,"",프로필 이미지
smap2_db,member_t,mt_show,23,"enum('Y','N')",enum,YES,MUL,'Y',"","노출여부 Y:노출, N:노출안함"
smap2_db,member_t,mt_agree1,24,"enum('Y','N')",enum,YES,"",'N',"",서비스이용약관 동의여부
smap2_db,member_t,mt_agree2,25,"enum('Y','N')",enum,YES,"",'N',"",개인정보 처리방침 동의여부
smap2_db,member_t,mt_agree3,26,"enum('Y','N')",enum,YES,"",'N',"",위치기반서비스 이용약관 동의여부
smap2_db,member_t,mt_agree4,27,"enum('Y','N')",enum,YES,"",'N',"",개인정보 제3자 제공 동의여부
smap2_db,member_t,mt_agree5,28,"enum('Y','N')",enum,YES,"",'N',"",마케팅 정보 수집 및 이용 동의
smap2_db,member_t,mt_push1,29,"enum('Y','N')",enum,YES,MUL,'N',"",알림수신여부 동의
smap2_db,member_t,mt_lat,30,"decimal(16,14)",decimal,YES,MUL,NULL,"",경도 앱시작시
smap2_db,member_t,mt_long,31,"decimal(17,14)",decimal,YES,MUL,NULL,"",위도 앱시작시
smap2_db,member_t,mt_sido,32,varchar(20),varchar,YES,MUL,NULL,"",접속위치 시도
smap2_db,member_t,mt_gu,33,varchar(20),varchar,YES,MUL,NULL,"",접속위치 구군
smap2_db,member_t,mt_dong,34,varchar(20),varchar,YES,MUL,NULL,"",접속위치 읍면동
smap2_db,member_t,mt_onboarding,35,"enum('Y','N')",enum,NO,"",'N',"",온보딩
smap2_db,member_t,mt_weather_pop,36,varchar(10),varchar,YES,MUL,NULL,"",강수확률 %
smap2_db,member_t,mt_weather_sky,37,tinyint(1),tinyint,YES,MUL,NULL,"",하늘상태 1-8
smap2_db,member_t,mt_weather_tmn,38,tinyint(2),tinyint,YES,MUL,NULL,"",최저기온 썹시
smap2_db,member_t,mt_weather_tmx,39,tinyint(2),tinyint,YES,MUL,NULL,"",최고기온 썹시
smap2_db,member_t,mt_weather_date,40,datetime,datetime,YES,MUL,NULL,"",날씨 등록일
smap2_db,member_t,mt_wdate,41,datetime,datetime,YES,MUL,NULL,"",등록일시
smap2_db,member_t,mt_ldate,42,datetime,datetime,YES,"",NULL,"",로그인일시
smap2_db,member_t,mt_lgdate,43,datetime,datetime,YES,"",NULL,"",로그아웃일시
smap2_db,member_t,mt_retire_chk,44,tinyint(1),tinyint,YES,"",NULL,"",회원탈퇴사유 1-4번 이유
smap2_db,member_t,mt_retire_etc,45,varchar(100),varchar,YES,"",NULL,"",회원탈퇴사유 4번 기타이유 입력
smap2_db,member_t,mt_retire_level,46,tinyint(1),tinyint,YES,"",NULL,"",이전 탈퇴레벨
smap2_db,member_t,mt_rdate,47,datetime,datetime,YES,"",NULL,"",회원탈퇴일시
smap2_db,member_t,mt_adate,48,datetime,datetime,YES,"",NULL,"",회원최근접속일시
smap2_db,member_t,mt_udate,49,datetime,datetime,YES,"",NULL,"",수정일시
smap2_db,member_t,mt_update_dt,50,datetime,datetime,YES,"",NULL,"",Cache Data관리를 위한 필드
smap2_db,member_t,mt_reset_token,51,varchar(100),varchar,YES,"",NULL,"",비밀번호 인증토큰
smap2_db,member_t,mt_token_edate,52,datetime,datetime,YES,"",NULL,"",토큰만료일시
smap2_db,member_t,mt_lang,53,varchar(2),varchar,YES,"",'ko',"",사용자언어
smap2_db,member_t,mt_map,54,"enum('Y','N')",enum,YES,"",'N',"",지도 선택 - 네이버 : 'N' / 구글 :  'Y'
smap2_db,member_t,mt_remember_token,55,varchar(255),varchar,YES,"",NULL,"",""
smap2_db,member_t,mt_token_expiry,56,datetime,datetime,YES,"",NULL,"",""
smap2_db,notice_t,nt_idx,1,int(11),int,NO,PRI,,auto_increment,""
smap2_db,notice_t,mt_idx,2,int(11),int,YES,"",NULL,"",관리자idx
smap2_db,notice_t,nt_title,3,varchar(200),varchar,YES,MUL,NULL,"",제목
smap2_db,notice_t,nt_file1,4,varchar(50),varchar,YES,"",NULL,"",첨부파일
smap2_db,notice_t,nt_content,5,mediumtext,mediumtext,YES,"",NULL,"",내용
smap2_db,notice_t,nt_show,6,"enum('Y','N')",enum,YES,MUL,'Y',"","노출여부 Y:노출, N:노출안함"
smap2_db,notice_t,nt_hit,7,int(11),int,YES,"",NULL,"",조회수
smap2_db,notice_t,nt_wdate,8,datetime,datetime,YES,"",NULL,"",등록일시
smap2_db,notice_t,nt_uwdate,9,datetime,datetime,YES,"",NULL,"",수정일시
smap2_db,order_log_t,idx,1,int(11),int,NO,PRI,,auto_increment,""
smap2_db,order_log_t,mt_idx,2,int(11),int,YES,"",NULL,"",회원 idx
smap2_db,order_log_t,imp_uid,3,varchar(255),varchar,YES,MUL,NULL,"",영수증
smap2_db,order_log_t,product_id,4,varchar(255),varchar,YES,"",NULL,"",상품명
smap2_db,order_log_t,type,5,varchar(200),varchar,YES,"",NULL,"",type
smap2_db,order_log_t,ot_code,6,varchar(255),varchar,YES,MUL,NULL,"",주문코드
smap2_db,order_log_t,status,7,varchar(100),varchar,YES,"",NULL,"",상태값
smap2_db,order_log_t,rsp_txt,8,longtext,longtext,YES,"",NULL,"",json 값
smap2_db,order_log_t,wdate,9,datetime,datetime,YES,"",NULL,"",등록일
smap2_db,order_t,ot_idx,1,int(11),int,NO,PRI,,auto_increment,""
smap2_db,order_t,ot_code,2,varchar(100),varchar,YES,MUL,NULL,"",주문번호
smap2_db,order_t,ot_ori_code,3,varchar(255),varchar,YES,"",NULL,"",기존 주문번호
smap2_db,order_t,mt_idx,4,int(11),int,YES,MUL,NULL,"",주문 회원idx
smap2_db,order_t,mt_id,5,varchar(50),varchar,YES,MUL,NULL,"",주문 회원ID
smap2_db,order_t,ot_title,6,varchar(255),varchar,YES,"",NULL,"",타이틀
smap2_db,order_t,ot_pay_type,7,varchar(10),varchar,YES,MUL,NULL,"",결제방법 (1:신규가입 2:앱결제 3:쿠폰 4:추천인)
smap2_db,order_t,ot_sdate,8,datetime,datetime,YES,"",NULL,"",플랜시작일
smap2_db,order_t,ot_edate,9,datetime,datetime,YES,"",NULL,"",플랜종료일
smap2_db,order_t,ot_status,10,tinyint(4),tinyint,YES,MUL,NULL,"","주문상태(1:결재대기, 2:결제완료, 99:취소)"
smap2_db,order_t,ot_sprice,11,"double(22,0)",double,YES,"",NULL,"",상품합계
smap2_db,order_t,ot_use_coupon,12,"double(22,0)",double,YES,"",NULL,"",사용쿠폰금액
smap2_db,order_t,ot_coupon_idx,13,int(11),int,YES,"",NULL,"",사용쿠폰idx
smap2_db,order_t,ot_price,14,"double(22,0)",double,YES,"",NULL,"",결제금액
smap2_db,order_t,ot_price_b,15,"double(22,0)",double,YES,"",NULL,"",쿠폰 차감안된 결제금액
smap2_db,order_t,ot_pay_bank,16,varchar(100),varchar,YES,"",NULL,"",무통장 입금 은행정보
smap2_db,order_t,ot_rsp_imp_uid,17,varchar(20),varchar,YES,MUL,NULL,"",포트원 고유번호
smap2_db,order_t,ct_cancel_amount,18,double,double,YES,"",NULL,"",포트원 환불 요청금액
smap2_db,order_t,ct_cancel_reson,19,varchar(50),varchar,YES,"",NULL,"",포트원 환불 사유
smap2_db,order_t,ct_refund_holder,20,varchar(50),varchar,YES,"",NULL,"",포트원 환불 가상계좌 예금주
smap2_db,order_t,ct_refund_bank,21,varchar(50),varchar,YES,"",NULL,"",포트원 환불 가상계좌 은행
smap2_db,order_t,ct_refund_account,22,varchar(50),varchar,YES,"",NULL,"",포트원 환불 가상계좌 계좌번호
smap2_db,order_t,ot_wdate,23,datetime,datetime,YES,MUL,NULL,"",주문일시
smap2_db,order_t,ot_pdate,24,datetime,datetime,YES,MUL,NULL,"",결제일시
smap2_db,order_t,ot_cdate,25,datetime,datetime,YES,MUL,NULL,"",구매확정일시
smap2_db,order_t,ot_ccdate,26,datetime,datetime,YES,MUL,NULL,"",취소완료일시
smap2_db,order_t,ot_refund_info,27,varchar(255),varchar,YES,"",NULL,"",환불정보
smap2_db,order_t,ot_show,28,"enum('Y','N')",enum,YES,MUL,NULL,"",주문노출여부
smap2_db,order_t,ot_memo,29,text,text,YES,"",NULL,"",관리자메모
smap2_db,order_t,ot_udate,30,datetime,datetime,YES,"",NULL,"",관리자수정일시
smap2_db,order_t,ot_cash_name,31,varchar(50),varchar,YES,"",NULL,"",현금영수증 이름
smap2_db,order_t,ot_cash_hp,32,varchar(50),varchar,YES,"",NULL,"",현금영수증 연락처
smap2_db,order_t,ot_cash_chk,33,varchar(5),varchar,YES,"",NULL,"",현금영수증 발행여부
smap2_db,order_t,vbank_date,34,datetime,datetime,YES,"",NULL,"",가상계좌 결제
smap2_db,page_log_t,idx,1,int(11),int,NO,PRI,,auto_increment,""
smap2_db,page_log_t,mt_token_id,2,varchar(255),varchar,YES,"",NULL,"",회원 앱토큰
smap2_db,page_log_t,mt_token_id_cookie,3,varchar(255),varchar,YES,"",NULL,"",회원 앱토큰 쿠키
smap2_db,page_log_t,mt_lat,4,varchar(255),varchar,YES,MUL,NULL,"",lat
smap2_db,page_log_t,mt_long,5,varchar(255),varchar,YES,"",NULL,"",long
smap2_db,page_log_t,auth_chk,6,text,text,YES,"",NULL,"",session _auth_chk
smap2_db,page_log_t,event_url,7,text,text,YES,MUL,NULL,"",event url
smap2_db,page_log_t,referer_url,8,text,text,YES,"",NULL,"",referer url
smap2_db,page_log_t,now_url,9,text,text,YES,"",NULL,"",now url
smap2_db,page_log_t,agent,10,text,text,YES,"",NULL,"",agent
smap2_db,page_log_t,ip,11,varchar(255),varchar,YES,"",NULL,"",ip
smap2_db,page_log_t,wdate,12,datetime,datetime,YES,"",NULL,"",등록일
smap2_db,popup_t,pot_idx,1,int(11),int,NO,PRI,,auto_increment,""
smap2_db,popup_t,pot_title,2,varchar(100),varchar,YES,MUL,NULL,"",제목
smap2_db,popup_t,pot_sdate,3,datetime,datetime,YES,"",NULL,"",시작일시
smap2_db,popup_t,pot_edate,4,datetime,datetime,YES,"",NULL,"",마감일시
smap2_db,popup_t,pot_file,5,varchar(50),varchar,YES,"",NULL,"",파일명
smap2_db,popup_t,pot_file_ori,6,varchar(50),varchar,YES,"",NULL,"",원본파일명
smap2_db,popup_t,pot_file_size,7,varchar(50),varchar,YES,"",NULL,"",파일사이즈
smap2_db,popup_t,pot_url,8,varchar(255),varchar,YES,"",NULL,"",url
smap2_db,popup_t,pot_target,9,tinyint(1),tinyint,YES,"",NULL,"","타겟 1:새창, 2:현재창"
smap2_db,popup_t,pot_close,10,tinyint(1),tinyint,YES,"",NULL,"","창닫기 옵션 1:오늘하루, 2:다시열지않음"
smap2_db,popup_t,pot_show,11,"enum('Y','N')",enum,YES,MUL,NULL,"",노출여부
smap2_db,popup_t,pot_wdate,12,datetime,datetime,YES,"",NULL,"",등록일시
smap2_db,push_err_log_t,pelt_idx,1,int(11),int,NO,PRI,,auto_increment,""
smap2_db,push_err_log_t,mt_id,2,varchar(200),varchar,YES,MUL,NULL,"",사용자 id 
smap2_db,push_err_log_t,plt_idx,3,int(11),int,YES,MUL,NULL,"",push_log_t idx
smap2_db,push_err_log_t,pelt_err_title,4,varchar(100),varchar,YES,"",NULL,"",에러 제목
smap2_db,push_err_log_t,pelt_err_msg,5,text,text,YES,"",NULL,"",에러메세지
smap2_db,push_err_log_t,pelt_wdate,6,datetime,datetime,YES,"",NULL,"",등록일
smap2_db,push_fcm_t,pft_idx,1,int(11),int,NO,PRI,,auto_increment,""
smap2_db,push_fcm_t,pft_code,2,varchar(20),varchar,YES,MUL,NULL,"",푸시 고유번호 영문숫자코드 10자
smap2_db,push_fcm_t,pft_title,3,varchar(100),varchar,YES,MUL,NULL,"",제목 40자
smap2_db,push_fcm_t,pft_content,4,varchar(200),varchar,YES,MUL,NULL,"",내용 140자
smap2_db,push_fcm_t,pft_file1,5,varchar(50),varchar,YES,"",NULL,"",이미지 푸시에 표시
smap2_db,push_fcm_t,pft_file1_ori,6,varchar(50),varchar,YES,"",NULL,"",원본파일명
smap2_db,push_fcm_t,pft_file1_size,7,varchar(50),varchar,YES,"",NULL,"",파일사이즈
smap2_db,push_fcm_t,pft_send_type,8,tinyint(1),tinyint,YES,MUL,NULL,"","푸시대상 1:전체, 2:특정사용자, 3:그룹"
smap2_db,push_fcm_t,pft_send_mt_idx,9,text,text,YES,"",NULL,"",푸시대상자 mt_idx
smap2_db,push_fcm_t,pft_rdate,10,datetime,datetime,YES,"",NULL,"",발송예약일시
smap2_db,push_fcm_t,pft_url,11,varchar(255),varchar,YES,"",NULL,"",링크
smap2_db,push_fcm_t,pft_status,12,tinyint(1),tinyint,YES,MUL,NULL,"","상태 1:발송대기, 2:발송중, 3:발송완료"
smap2_db,push_fcm_t,pft_show,13,"enum('Y','N')",enum,YES,MUL,'Y',"",노출여부 관리자 삭제시 N
smap2_db,push_fcm_t,pft_sdate,14,datetime,datetime,YES,"",NULL,"",발송시작일시
smap2_db,push_fcm_t,pft_edate,15,datetime,datetime,YES,"",NULL,"",발송종료일시
smap2_db,push_fcm_t,pft_wdate,16,datetime,datetime,YES,"",NULL,"",등록일시
smap2_db,push_log_t,plt_idx,1,int(11),int,NO,PRI,,auto_increment,""
smap2_db,push_log_t,plt_type,2,tinyint(2),tinyint,YES,MUL,NULL,"",전송구분 1:광고 2:스케쥴
smap2_db,push_log_t,mt_idx,3,int(11),int,YES,MUL,NULL,"",수신 회원idx
smap2_db,push_log_t,sst_idx,4,int(11),int,YES,MUL,NULL,"",일정 idx
smap2_db,push_log_t,plt_condition,5,varchar(50),varchar,YES,MUL,NULL,"",전송 조건
smap2_db,push_log_t,plt_memo,6,varchar(50),varchar,YES,"",NULL,"",전송 조건 설명
smap2_db,push_log_t,plt_title,7,varchar(50),varchar,YES,MUL,NULL,"",제목
smap2_db,push_log_t,plt_content,8,varchar(200),varchar,YES,"",NULL,"",내용
smap2_db,push_log_t,plt_sdate,9,datetime,datetime,YES,MUL,NULL,"",발송일시
smap2_db,push_log_t,plt_status,10,tinyint(1),tinyint,YES,MUL,NULL,"","발송상태 1:대기, 2:전송, 3:취소, 4:오류"
smap2_db,push_log_t,plt_read_chk,11,"enum('Y','N')",enum,YES,"",'N',"",읽음 표시
smap2_db,push_log_t,plt_show,12,"enum('Y','N')",enum,YES,"",'Y',"",표출여부
smap2_db,push_log_t,plt_wdate,13,datetime,datetime,YES,"",NULL,"",등록일시
smap2_db,push_log_t,plt_rdate,14,datetime,datetime,YES,"",NULL,"",읽은일시
smap2_db,push_log_t,push_json,15,varchar(255),varchar,YES,"",NULL,"",json
smap2_db,push_log_t,plt_tgt_mt_idx,16,int(11),int,YES,"",NULL,"",푸시메세지 대상자 mt_idx
smap2_db,push_log_t,plt_date,17,date,date,YES,MUL,NULL,STORED GENERATED,""
smap2_db,push_log_t_back,plt_idx,1,int(11),int,NO,"","0","",""
smap2_db,push_log_t_back,plt_type,2,tinyint(2),tinyint,YES,"",NULL,"",전송구분 1:광고 2:스케쥴
smap2_db,push_log_t_back,mt_idx,3,int(11),int,YES,"",NULL,"",수신 회원idx
smap2_db,push_log_t_back,sst_idx,4,int(11),int,YES,"",NULL,"",일정 idx
smap2_db,push_log_t_back,plt_condition,5,varchar(50),varchar,YES,"",NULL,"",전송 조건
smap2_db,push_log_t_back,plt_memo,6,varchar(50),varchar,YES,"",NULL,"",전송 조건 설명
smap2_db,push_log_t_back,plt_title,7,varchar(50),varchar,YES,"",NULL,"",제목
smap2_db,push_log_t_back,plt_content,8,varchar(200),varchar,YES,"",NULL,"",내용
smap2_db,push_log_t_back,plt_sdate,9,datetime,datetime,YES,"",NULL,"",발송일시
smap2_db,push_log_t_back,plt_status,10,tinyint(1),tinyint,YES,"",NULL,"","발송상태 1:대기, 2:전송, 3:취소, 4:오류"
smap2_db,push_log_t_back,plt_read_chk,11,"enum('Y','N')",enum,YES,"",'N',"",읽음 표시
smap2_db,push_log_t_back,plt_show,12,"enum('Y','N')",enum,YES,"",'Y',"",표출여부
smap2_db,push_log_t_back,plt_wdate,13,datetime,datetime,YES,"",NULL,"",등록일시
smap2_db,push_log_t_back,plt_rdate,14,datetime,datetime,YES,"",NULL,"",읽은일시
smap2_db,push_log_t_back,push_json,15,varchar(255),varchar,YES,"",NULL,"",json
smap2_db,push_log_t_back,plt_tgt_mt_idx,16,int(11),int,YES,"",NULL,"",푸시메세지 대상자 mt_idx
smap2_db,qna_t,qt_idx,1,int(11),int,NO,PRI,,auto_increment,""
smap2_db,qna_t,mt_idx,2,int(11),int,YES,MUL,NULL,"",회원idx
smap2_db,qna_t,mt_id,3,varchar(50),varchar,YES,MUL,NULL,"",아이디
smap2_db,qna_t,mt_name,4,varchar(50),varchar,YES,MUL,NULL,"",이름
smap2_db,qna_t,qt_qtitle,5,varchar(100),varchar,YES,MUL,NULL,"",문의 제목
smap2_db,qna_t,qt_qcontent,6,text,text,YES,"",NULL,"",문의 내용
smap2_db,qna_t,qt_atitle,7,varchar(100),varchar,YES,"",NULL,"",답변 제목
smap2_db,qna_t,qt_acontent,8,text,text,YES,"",NULL,"",답변 내용
smap2_db,qna_t,qt_status,9,tinyint(1),tinyint,YES,MUL,NULL,"","답변 상태 1:대기, 2:완료"
smap2_db,qna_t,qt_show,10,"enum('Y','N')",enum,YES,MUL,'Y',"",노출여부 관리자삭제시 N
smap2_db,qna_t,qt_qdate,11,datetime,datetime,YES,"",NULL,"",문의일시
smap2_db,qna_t,qt_adate,12,datetime,datetime,YES,"",NULL,"",답변일시
smap2_db,recomand_location_t,rlt_idx,1,int(11),int,NO,PRI,,auto_increment,""
smap2_db,recomand_location_t,rlt_cate,2,int(11),int,YES,MUL,NULL,"",분야
smap2_db,recomand_location_t,rlt_title,3,varchar(200),varchar,YES,MUL,NULL,"",추천장소명
smap2_db,recomand_location_t,rlt_student,4,smallint(6),smallint,YES,"",NULL,"",수용능력인원
smap2_db,recomand_location_t,rlt_psnby_thcc_cntnt,5,varchar(500),varchar,YES,"",NULL,"",인당수강료내용
smap2_db,recomand_location_t,rlt_zip,6,varchar(10),varchar,YES,"",NULL,"",우편번호
smap2_db,recomand_location_t,rlt_add1,7,varchar(200),varchar,YES,MUL,NULL,"",주소
smap2_db,recomand_location_t,rlt_add2,8,varchar(200),varchar,YES,MUL,NULL,"",상세주소
smap2_db,recomand_location_t,rlt_tel1,9,varchar(50),varchar,YES,MUL,NULL,"",연락처1
smap2_db,recomand_location_t,rlt_tel2,10,varchar(50),varchar,YES,"",NULL,"",연락처2
smap2_db,recomand_location_t,rlt_udate,11,date,date,YES,"",NULL,"",수정일자
smap2_db,recomand_location_t,rlt_lat,12,"decimal(16,14)",decimal,YES,"",NULL,"",GPS 위도
smap2_db,recomand_location_t,rlt_long,13,"decimal(17,14)",decimal,YES,"",NULL,"",GPS 경도
smap2_db,recomand_location_t,rlt_show,14,"enum('Y','N')",enum,YES,MUL,'Y',"",노출여부 삭제시 N
smap2_db,recomand_location_t,rlt_wdate,15,datetime,datetime,YES,"",NULL,"",등록일시
smap2_db,recommend_log_t,rlt_idx,1,int(11),int,NO,PRI,,auto_increment,""
smap2_db,recommend_log_t,mt_idx,2,int(11),int,YES,MUL,NULL,"",추천자 idx
smap2_db,recommend_log_t,mt_id,3,varchar(200),varchar,YES,MUL,NULL,"",추천자 id
smap2_db,recommend_log_t,mt_name,4,varchar(200),varchar,YES,"",NULL,"",추천자 이름
smap2_db,recommend_log_t,mt_nickname,5,varchar(200),varchar,YES,"",NULL,"",추천자 닉네임
smap2_db,recommend_log_t,rlt_mt_idx,6,int(11),int,YES,"",NULL,"",추천인 idx
smap2_db,recommend_log_t,rlt_mt_id,7,varchar(200),varchar,YES,"",NULL,"",추천인 id
smap2_db,recommend_log_t,rlt_mt_name,8,varchar(200),varchar,YES,"",NULL,"",추천인 이름
smap2_db,recommend_log_t,rlt_mt_nickname,9,varchar(200),varchar,YES,MUL,NULL,"",추천인 닉네임
smap2_db,recommend_log_t,rlt_code,10,varchar(20),varchar,YES,MUL,NULL,"",추천인코드
smap2_db,recommend_log_t,rlt_days,11,varchar(10),varchar,YES,"",NULL,"",가용일시
smap2_db,recommend_log_t,rlt_show,12,"enum('Y','N')",enum,YES,MUL,'Y',"",노출여부 삭제시 N
smap2_db,recommend_log_t,rlt_wdate,13,datetime,datetime,YES,"",NULL,"",등록일시
smap2_db,recommend_log_t,rlt_udate,14,date,date,YES,"",NULL,"",수정일자
smap2_db,retire_member_t,rmt_idx,1,int(11),int,NO,PRI,,auto_increment,탈퇴 idx
smap2_db,retire_member_t,mt_idx,2,int(11),int,YES,"",NULL,"",회원 idx
smap2_db,retire_member_t,mt_type,3,tinyint(1),tinyint,YES,MUL,NULL,"","로그인구분 1:일반, 2:카톡, 3:애플, 4:구글"
smap2_db,retire_member_t,mt_level,4,tinyint(1),tinyint,YES,MUL,NULL,"","회원등급 1:탈퇴, 2:일반(무료), 3:휴면, 4:유예,5:유료 9:관리자"
smap2_db,retire_member_t,mt_recommend_chk,5,"enum('Y','N')",enum,YES,MUL,'N',"",추천인 사용 체크 여부 Y:사용 N:사용안함
smap2_db,retire_member_t,mt_plan_date,6,datetime,datetime,YES,MUL,NULL,"",플랜 마감일자
smap2_db,retire_member_t,mt_rec_date,7,datetime,datetime,YES,MUL,NULL,"",추천인 사용일자
smap2_db,retire_member_t,mt_status,8,tinyint(1),tinyint,YES,MUL,NULL,"","회원상태 1:정상, 2:정지"
smap2_db,retire_member_t,mt_id,9,varchar(200),varchar,YES,MUL,NULL,"",아이디(전화번호)
smap2_db,retire_member_t,mt_pwd,10,varchar(200),varchar,YES,MUL,NULL,"",비밀번호
smap2_db,retire_member_t,mt_pwd_cnt,11,tinyint(1),tinyint,YES,"",NULL,"",비밀번호 체크 카운터 로그인하면 리셋
smap2_db,retire_member_t,mt_token_id,12,varchar(255),varchar,YES,MUL,NULL,"",앱토큰 아이디
smap2_db,retire_member_t,mt_name,13,varchar(50),varchar,YES,MUL,NULL,"",이름
smap2_db,retire_member_t,mt_nickname,14,varchar(50),varchar,YES,MUL,NULL,"",닉네임
smap2_db,retire_member_t,mt_hp,15,varchar(20),varchar,YES,MUL,NULL,"",연락처
smap2_db,retire_member_t,mt_email,16,varchar(200),varchar,YES,"",NULL,"",이메일
smap2_db,retire_member_t,mt_birth,17,date,date,YES,"",NULL,"",생년월일
smap2_db,retire_member_t,mt_gender,18,tinyint(1),tinyint,YES,MUL,NULL,"",성별
smap2_db,retire_member_t,mt_file1,19,varchar(50),varchar,YES,MUL,NULL,"",프로필 이미지
smap2_db,retire_member_t,mt_show,20,"enum('Y','N')",enum,YES,MUL,'Y',"","노출여부 Y:노출, N:노출안함"
smap2_db,retire_member_t,mt_agree1,21,"enum('Y','N')",enum,YES,"",'N',"",서비스이용약관 동의여부
smap2_db,retire_member_t,mt_agree2,22,"enum('Y','N')",enum,YES,"",'N',"",개인정보 처리방침 동의여부
smap2_db,retire_member_t,mt_agree3,23,"enum('Y','N')",enum,YES,"",'N',"",위치기반서비스 이용약관 동의여부
smap2_db,retire_member_t,mt_agree4,24,"enum('Y','N')",enum,YES,"",'N',"",개인정보 제3자 제공 동의여부
smap2_db,retire_member_t,mt_agree5,25,"enum('Y','N')",enum,YES,"",'N',"",마케팅 정보 수집 및 이용 동의
smap2_db,retire_member_t,mt_push1,26,"enum('Y','N')",enum,YES,MUL,'N',"",알림수신여부 동의
smap2_db,retire_member_t,mt_lat,27,"decimal(16,14)",decimal,YES,MUL,NULL,"",경도 앱시작시
smap2_db,retire_member_t,mt_long,28,"decimal(17,14)",decimal,YES,MUL,NULL,"",위도 앱시작시
smap2_db,retire_member_t,mt_sido,29,varchar(20),varchar,YES,MUL,NULL,"",접속위치 시도
smap2_db,retire_member_t,mt_gu,30,varchar(20),varchar,YES,MUL,NULL,"",접속위치 구군
smap2_db,retire_member_t,mt_dong,31,varchar(20),varchar,YES,MUL,NULL,"",접속위치 읍면동
smap2_db,retire_member_t,mt_onboarding,32,"enum('Y','N')",enum,NO,"",'N',"",온보딩
smap2_db,retire_member_t,mt_weather_pop,33,tinyint(2),tinyint,YES,MUL,NULL,"",강수확률 %
smap2_db,retire_member_t,mt_weather_sky,34,tinyint(1),tinyint,YES,MUL,NULL,"",하늘상태 1-8
smap2_db,retire_member_t,mt_weather_tmn,35,tinyint(2),tinyint,YES,MUL,NULL,"",최저기온 썹시
smap2_db,retire_member_t,mt_weather_tmx,36,tinyint(2),tinyint,YES,MUL,NULL,"",최고기온 썹시
smap2_db,retire_member_t,mt_weather_date,37,datetime,datetime,YES,MUL,NULL,"",날씨 등록일
smap2_db,retire_member_t,mt_wdate,38,datetime,datetime,YES,MUL,NULL,"",등록일시
smap2_db,retire_member_t,mt_ldate,39,datetime,datetime,YES,"",NULL,"",로그인일시
smap2_db,retire_member_t,mt_lgdate,40,datetime,datetime,YES,"",NULL,"",로그아웃일시
smap2_db,retire_member_t,mt_retire_chk,41,tinyint(1),tinyint,YES,"",NULL,"",회원탈퇴사유 1-4번 이유
smap2_db,retire_member_t,mt_retire_etc,42,varchar(100),varchar,YES,"",NULL,"",회원탈퇴사유 4번 기타이유 입력
smap2_db,retire_member_t,mt_retire_level,43,tinyint(1),tinyint,YES,"",NULL,"",이전 탈퇴레벨
smap2_db,retire_member_t,mt_rdate,44,datetime,datetime,YES,"",NULL,"",회원탈퇴일시
smap2_db,setup_t,st_idx,1,int(11),int,NO,PRI,,auto_increment,""
smap2_db,setup_t,st_agree1,2,varchar(255),varchar,YES,"",NULL,"",서비스 이용약관 노션링크
smap2_db,setup_t,st_agree2,3,varchar(255),varchar,YES,"",NULL,"",개인정보취급방침 노션링크
smap2_db,setup_t,st_agree3,4,varchar(255),varchar,YES,"",NULL,"",위치기반서비스 이용약관 노션링크
smap2_db,setup_t,st_agree4,5,varchar(255),varchar,YES,"",NULL,"",개인정보 제3자 제공 노션링크
smap2_db,setup_t,st_agree5,6,varchar(255),varchar,YES,"",NULL,"",마케팅정보수집 노션링크
smap2_db,setup_t,st_agree6,7,varchar(255),varchar,YES,"",NULL,"",메뉴얼
smap2_db,setup_t,st_company_boss,8,varchar(50),varchar,YES,"",NULL,"",대표자
smap2_db,setup_t,st_company_num1,9,varchar(20),varchar,YES,"",NULL,"",사업자등록번호
smap2_db,setup_t,st_company_num2,10,varchar(20),varchar,YES,"",NULL,"",통신판매업 신고번호
smap2_db,setup_t,st_company_name,11,varchar(100),varchar,YES,"",NULL,"",회사명
smap2_db,setup_t,st_company_zip,12,varchar(10),varchar,YES,"",NULL,"",회사우편번호
smap2_db,setup_t,st_company_add1,13,varchar(200),varchar,YES,"",NULL,"",회사주소
smap2_db,setup_t,st_company_add2,14,varchar(200),varchar,YES,"",NULL,"",회사상세주소
smap2_db,setup_t,st_privacy_admin,15,varchar(50),varchar,YES,"",NULL,"",개인정보책임관리자
smap2_db,setup_t,st_customer_tel,16,varchar(20),varchar,YES,"",NULL,"",고객센터 전화
smap2_db,setup_t,st_customer_email,17,varchar(100),varchar,YES,"",NULL,"",고객센터 이메일
smap2_db,setup_t,st_customer_time,18,varchar(100),varchar,YES,"",NULL,"",고객센터 운영시간
smap2_db,setup_t,st_app_version_aos,19,varchar(10),varchar,YES,"",NULL,"",앱버전 안드로이드
smap2_db,setup_t,st_app_version_ios,20,varchar(10),varchar,YES,"",NULL,"",앱버전 아이폰
smap2_db,setup_t,st_app_version_aos_chk,21,"enum('Y','N')",enum,YES,"",'N',"","앱업데이트 강제여부 Y:강제, N:선택"
smap2_db,setup_t,st_app_version_ios_chk,22,"enum('Y','N')",enum,YES,"",'N',"","앱업데이트 강제여부 Y:강제, N:선택"
smap2_db,smap_ad_log_t,salt_idx,1,int(11),int,NO,PRI,,auto_increment,""
smap2_db,smap_ad_log_t,mt_idx,2,int(11),int,YES,"",NULL,"",회원 idx
smap2_db,smap_ad_log_t,log_count,3,int(11),int,YES,"","0","",로그 사용횟수
smap2_db,smap_ad_log_t,path_count,4,int(11),int,YES,"","0","",최적경로 사용횟수
smap2_db,smap_ad_log_t,salt_date,5,date,date,YES,"",NULL,"",광고 일
smap2_db,smap_ad_log_t,salt_wdate,6,datetime,datetime,YES,"",NULL,"",광고로그 사용일
smap2_db,smap_ad_log_t,salt_udate,7,datetime,datetime,YES,"",NULL,"",광고로그 업데이트일
smap2_db,smap_contact_t,sct_idx,1,int(11),int,NO,PRI,,auto_increment,""
smap2_db,smap_contact_t,sst_idx,2,int(11),int,YES,MUL,NULL,"",일정idx
smap2_db,smap_contact_t,mt_idx,3,int(11),int,YES,MUL,NULL,"",회원idx
smap2_db,smap_contact_t,sct_category,4,varchar(50),varchar,YES,MUL,NULL,"",카테고리
smap2_db,smap_contact_t,sct_title,5,varchar(50),varchar,YES,MUL,NULL,"",제목
smap2_db,smap_contact_t,sct_hp,6,varchar(50),varchar,YES,MUL,NULL,"",연락처
smap2_db,smap_contact_t,sct_wdate,7,datetime,datetime,YES,"",NULL,"",등록일시
smap2_db,smap_group_detail_t,sgdt_idx,1,int(11),int,NO,PRI,,auto_increment,""
smap2_db,smap_group_detail_t,sgt_idx,2,int(11),int,YES,MUL,NULL,"",그룹idx
smap2_db,smap_group_detail_t,mt_idx,3,int(11),int,YES,MUL,NULL,"",회원idx
smap2_db,smap_group_detail_t,sgdt_owner_chk,4,"enum('Y','N')",enum,YES,MUL,'N',"",오너여부
smap2_db,smap_group_detail_t,sgdt_leader_chk,5,"enum('Y','N')",enum,YES,MUL,'N',"",리더여부 
smap2_db,smap_group_detail_t,sgdt_discharge,6,"enum('Y','N')",enum,YES,MUL,'N',"",방출 여부
smap2_db,smap_group_detail_t,sgdt_group_chk,7,"enum('Y','N','D')",enum,YES,MUL,'D',"",그룹활동기한 설정 여부
smap2_db,smap_group_detail_t,sgdt_exit,8,"enum('Y','N')",enum,YES,MUL,'N',"",나가기여부
smap2_db,smap_group_detail_t,sgdt_show,9,"enum('Y','N')",enum,YES,MUL,'Y',"",노출여부 삭제하면 N
smap2_db,smap_group_detail_t,sgdt_push_chk,10,"enum('Y','N')",enum,YES,MUL,'Y',"",그룹 알림 받기여부 N이면 안받음
smap2_db,smap_group_detail_t,sgdt_wdate,11,datetime,datetime,YES,"",NULL,"",등록일시
smap2_db,smap_group_detail_t,sgdt_udate,12,datetime,datetime,YES,"",NULL,"",수정일시
smap2_db,smap_group_detail_t,sgdt_ddate,13,datetime,datetime,YES,"",NULL,"",방출일시
smap2_db,smap_group_detail_t,sgdt_xdate,14,datetime,datetime,YES,"",NULL,"",나가기 일시
smap2_db,smap_group_detail_t,sgdt_adate,15,datetime,datetime,YES,"",NULL,"",그룹활동기한 일시
smap2_db,smap_group_personal_t,sgpt_idx,1,int(11),int,NO,PRI,,auto_increment,""
smap2_db,smap_group_personal_t,mt_idx,2,int(11),int,YES,MUL,NULL,"",회원idx
smap2_db,smap_group_personal_t,sgt_idx,3,int(11),int,YES,MUL,NULL,"",그룹상세idx
smap2_db,smap_group_personal_t,sgdt_json,4,text,text,YES,"",NULL,"","그룹상세 json데이터 표시이름, 진열순서, sgdt_idx"
smap2_db,smap_group_personal_t,sgpt_wdate,5,datetime,datetime,YES,"",NULL,"",등록일시
smap2_db,smap_group_t,sgt_idx,1,int(11),int,NO,PRI,,auto_increment,""
smap2_db,smap_group_t,mt_idx,2,int(11),int,YES,MUL,NULL,"",오너 회원idx
smap2_db,smap_group_t,sgt_title,3,varchar(50),varchar,YES,MUL,NULL,"",그룹명
smap2_db,smap_group_t,sgt_code,4,varchar(10),varchar,YES,MUL,NULL,"",그룹초대코드
smap2_db,smap_group_t,sgt_show,5,"enum('Y','N')",enum,YES,MUL,'Y',"",그룹노출여부 삭제시 N
smap2_db,smap_group_t,sgt_wdate,6,datetime,datetime,YES,"",NULL,"",그룹등록일시
smap2_db,smap_group_t,sgt_udate,7,datetime,datetime,YES,MUL,NULL,"",그룹수정일시
smap2_db,smap_group_t_back,sgt_idx,1,int(11),int,NO,"","0","",""
smap2_db,smap_group_t_back,mt_idx,2,int(11),int,YES,"",NULL,"",오너 회원idx
smap2_db,smap_group_t_back,sgt_title,3,varchar(50),varchar,YES,"",NULL,"",그룹명
smap2_db,smap_group_t_back,sgt_code,4,varchar(10),varchar,YES,"",NULL,"",그룹초대코드
smap2_db,smap_group_t_back,sgt_show,5,"enum('Y','N')",enum,YES,"",'Y',"",그룹노출여부 삭제시 N
smap2_db,smap_group_t_back,sgt_wdate,6,datetime,datetime,YES,"",NULL,"",그룹등록일시
smap2_db,smap_group_t_back,sgt_udate,7,datetime,datetime,YES,"",NULL,"",그룹수정일시
smap2_db,smap_invite_t,sit_idx,1,int(11),int,NO,PRI,,auto_increment,""
smap2_db,smap_invite_t,mt_idx,2,int(11),int,YES,MUL,NULL,"",회원idx
smap2_db,smap_invite_t,sgt_idx,3,int(11),int,YES,MUL,NULL,"",그룹idx
smap2_db,smap_invite_t,sit_code,4,varchar(20),varchar,YES,MUL,NULL,"",초대코드
smap2_db,smap_invite_t,sit_status,5,tinyint(1),tinyint,YES,MUL,NULL,"","상태 1:초대코드발급, 2:초대코드전달, 3:초대완료 4: 만료"
smap2_db,smap_invite_t,sit_wdate,6,datetime,datetime,YES,"",NULL,"",등록일시
smap2_db,smap_invite_t,sit_adate,7,datetime,datetime,YES,"",NULL,"",초대완료일시
smap2_db,smap_invite_t,sit_ddate,8,datetime,datetime,YES,"",NULL,"",만료일시
smap2_db,smap_loadpath_log_t,sllt_idx,1,int(11),int,NO,PRI,,auto_increment,""
smap2_db,smap_loadpath_log_t,mt_idx,2,int(11),int,YES,"",NULL,"",회원 idx
smap2_db,smap_loadpath_log_t,sgdt_idx,3,int(11),int,YES,"",NULL,"",그룹상세 idx
smap2_db,smap_loadpath_log_t,sllt_json_text,4,longtext,longtext,YES,"",NULL,"",최적경로 json 값
smap2_db,smap_loadpath_log_t,sllt_json_walk,5,longtext,longtext,YES,"",NULL,"",최적경로 예상소요시간 json 값
smap2_db,smap_loadpath_log_t,sllt_schedule_count,6,int(11),int,YES,"",NULL,"",해당 일 일정 개수
smap2_db,smap_loadpath_log_t,sllt_date,7,date,date,YES,"",NULL,"",최적경로 일
smap2_db,smap_loadpath_log_t,sllt_wdate,8,datetime,datetime,YES,"",NULL,"",최적경로사용일
smap2_db,smap_loadpath_log_t,sllt_language,9,varchar(2),varchar,YES,"",'ko',"",""
smap2_db,smap_location_member_t,slmt_idx,1,int(11),int,NO,PRI,,auto_increment,""
smap2_db,smap_location_member_t,mt_idx,2,int(11),int,YES,MUL,NULL,"",회원idx
smap2_db,smap_location_member_t,sgdt_idx,3,int(11),int,YES,MUL,NULL,"",그룹상세idx
smap2_db,smap_location_member_t,sgdt_mt_idx,4,int(11),int,YES,MUL,NULL,"",그룹상테 회원idx
smap2_db,smap_location_member_t,slmt_wdate,5,datetime,datetime,YES,"",NULL,"",등록일시
smap2_db,smap_location_t,slt_idx,1,int(11),int,NO,PRI,,auto_increment,""
smap2_db,smap_location_t,insert_mt_idx,2,int(11),int,YES,"",NULL,"",등록 회원 idx
smap2_db,smap_location_t,mt_idx,3,int(11),int,YES,MUL,NULL,"",회원idx
smap2_db,smap_location_t,sgt_idx,4,int(11),int,YES,"",NULL,"",그룹idx
smap2_db,smap_location_t,sgdt_idx,5,int(11),int,YES,"",NULL,"",그룹상세idx
smap2_db,smap_location_t,slt_title,6,varchar(50),varchar,YES,MUL,NULL,"",위치명
smap2_db,smap_location_t,slt_add,7,varchar(100),varchar,YES,MUL,NULL,"",주소
smap2_db,smap_location_t,slt_lat,8,"decimal(16,14)",decimal,YES,"",NULL,"",gps lat
smap2_db,smap_location_t,slt_long,9,"decimal(17,14)",decimal,YES,"",NULL,"",gps long
smap2_db,smap_location_t,slt_show,10,"enum('Y','N')",enum,YES,MUL,'Y',"",노출여부 삭제시 N
smap2_db,smap_location_t,slt_enter_chk,11,"enum('Y','N')",enum,YES,"",'N',"",진입여부
smap2_db,smap_location_t,slt_enter_alarm,12,"enum('Y','N')",enum,YES,"",'Y',"",진입알람체크 Y:알람 N:알람안옴
smap2_db,smap_location_t,slt_wdate,13,datetime,datetime,YES,"",NULL,"",등록일시
smap2_db,smap_location_t,slt_udate,14,datetime,datetime,YES,"",NULL,"",수정일시
smap2_db,smap_location_t,slt_ddate,15,datetime,datetime,YES,"",NULL,"",삭제일시
smap2_db,smap_main_data_t,smdt_idx,1,int(11),int,NO,PRI,,auto_increment,""
smap2_db,smap_main_data_t,mt_idx,2,int(11),int,YES,MUL,NULL,"",회원idx
smap2_db,smap_main_data_t,smdt_speed,3,float,float,YES,"",NULL,"",이동중일때 속도 km/h
smap2_db,smap_main_data_t,smdt_location,4,varchar(50),varchar,YES,"",NULL,"",체류중일때 위치명 없다면 '-' 현재위치에서 100m 이내면
smap2_db,smap_main_data_t,smdt_add,5,varchar(100),varchar,YES,"",NULL,"",현재위치 주소
smap2_db,smap_main_data_t,smdt_arrive,6,varchar(10),varchar,YES,"",NULL,"","현재위치 도착함, 도착예정"
smap2_db,smap_main_data_t,smdt_arrive_time,7,varchar(10),varchar,YES,"",NULL,"","도착시간 오전,오후 10:20"
smap2_db,smap_main_data_t,smdt_next_arrive,8,varchar(10),varchar,YES,"",NULL,"","다음위치 도착함, 도착예정"
smap2_db,smap_main_data_t,smdt_next_add,9,varchar(100),varchar,YES,"",NULL,"",다음위치 주소
smap2_db,smap_main_data_t,smdt_next_time,10,varchar(10),varchar,YES,"",NULL,"",다음위치 도착예정시간 도착함 위치에서 다음위치까지 도보이동 계산
smap2_db,smap_main_data_t,smdt_wdate,11,datetime,datetime,YES,"",NULL,"",등록일시
smap2_db,smap_schedule_t,sst_idx,1,int(11),int,NO,PRI,,auto_increment,""
smap2_db,smap_schedule_t,sst_pidx,2,int(11),int,YES,MUL,NULL,"",기준 idx
smap2_db,smap_schedule_t,mt_idx,3,int(11),int,YES,MUL,NULL,"",회원idx
smap2_db,smap_schedule_t,sst_title,4,varchar(100),varchar,YES,MUL,NULL,"",일정내용
smap2_db,smap_schedule_t,sst_sdate,5,datetime,datetime,YES,MUL,NULL,"",시작일시
smap2_db,smap_schedule_t,sst_edate,6,datetime,datetime,YES,"",NULL,"",마감일시
smap2_db,smap_schedule_t,sst_sedate,7,varchar(100),varchar,YES,"",NULL,"",시작마감일시
smap2_db,smap_schedule_t,sst_all_day,8,"enum('Y','N')",enum,YES,MUL,'Y',"",하루종일 체크 Y:하루종일
smap2_db,smap_schedule_t,sst_repeat_json,9,varchar(200),varchar,YES,MUL,NULL,"",반복 json
smap2_db,smap_schedule_t,sst_repeat_json_v,10,varchar(200),varchar,YES,"",NULL,"",반복
smap2_db,smap_schedule_t,sgt_idx,11,int(11),int,YES,MUL,NULL,"",그룹idx
smap2_db,smap_schedule_t,sgdt_idx,12,int(11),int,YES,MUL,NULL,"",그룹원중 1명 선택된 그룹상세idx
smap2_db,smap_schedule_t,sgdt_idx_t,13,varchar(100),varchar,YES,"",NULL,"",그룹원상세
smap2_db,smap_schedule_t,sst_alram,14,tinyint(1),tinyint,YES,MUL,NULL,"","알림 1:시작전, 2:10분전, 3:1시간전, 4:1일전"
smap2_db,smap_schedule_t,sst_alram_t,15,varchar(100),varchar,YES,"",NULL,"",알림
smap2_db,smap_schedule_t,sst_adate,16,datetime,datetime,YES,"",NULL,"",알림일시
smap2_db,smap_schedule_t,slt_idx,17,int(11),int,YES,MUL,NULL,"",위치idx
smap2_db,smap_schedule_t,slt_idx_t,18,varchar(100),varchar,YES,"",NULL,"",위치
smap2_db,smap_schedule_t,sst_location_title,19,varchar(50),varchar,YES,MUL,NULL,"",위치명
smap2_db,smap_schedule_t,sst_location_add,20,varchar(100),varchar,YES,MUL,NULL,"",위치 주소(도로명)
smap2_db,smap_schedule_t,sst_location_lat,21,"decimal(16,14)",decimal,YES,MUL,NULL,"",위치 gps lat 위도
smap2_db,smap_schedule_t,sst_location_long,22,"decimal(17,14)",decimal,YES,MUL,NULL,"",위치 gps long 경도
smap2_db,smap_schedule_t,sst_supplies,23,varchar(200),varchar,YES,"",NULL,"",준비물 100자
smap2_db,smap_schedule_t,sst_memo,24,text,text,YES,"",NULL,"",메모 500자
smap2_db,smap_schedule_t,sst_show,25,"enum('Y','N')",enum,YES,MUL,'Y',"",노출여부 삭제시 N
smap2_db,smap_schedule_t,sst_location_alarm,26,tinyint(1),tinyint,YES,MUL,"4","",위치알림 1:진입알림 2:이탈알림 3:위치알림 안함 4:둘다체크
smap2_db,smap_schedule_t,sst_schedule_alarm_chk,27,"enum('Y','N')",enum,YES,MUL,'Y',"",일정알림 여부 체크 Y:일정알림 N:알림X
smap2_db,smap_schedule_t,sst_pick_type,28,varchar(20),varchar,YES,MUL,NULL,"","일정알림 타입(minute,hour,day)"
smap2_db,smap_schedule_t,sst_pick_result,29,int(11),int,YES,MUL,NULL,"",일정알림 결과
smap2_db,smap_schedule_t,sst_schedule_alarm,30,datetime,datetime,YES,MUL,NULL,"",일정알림시간
smap2_db,smap_schedule_t,sst_update_chk,31,varchar(10),varchar,YES,MUL,NULL,"",수정권한 1:오너 2:리더 3:그룹원
smap2_db,smap_schedule_t,sst_wdate,32,datetime,datetime,YES,"",NULL,"",등록일시
smap2_db,smap_schedule_t,sst_udate,33,datetime,datetime,YES,"",NULL,"",수정일시
smap2_db,smap_schedule_t,sst_ddate,34,datetime,datetime,YES,"",NULL,"",삭제일시
smap2_db,smap_schedule_t,sst_in_chk,35,"enum('Y','N')",enum,YES,MUL,'N',"",진입 여부(Y:진입 N:이탈)
smap2_db,smap_schedule_t,sst_schedule_chk,36,"enum('Y','N')",enum,YES,MUL,'N',"","스케줄 알림 체크여부 (Y: 알림 전송, N 알림 미전송)"
smap2_db,smap_schedule_t,sst_entry_cnt,37,int(1),int,YES,"","0","",진입발송카운트
smap2_db,smap_schedule_t,sst_exit_cnt,38,int(1),int,YES,"","0","",이탈발송카운트
smap2_db,smap_schedule_t_back,sst_idx,1,int(11),int,NO,"","0","",""
smap2_db,smap_schedule_t_back,sst_pidx,2,int(11),int,YES,"",NULL,"",기준 idx
smap2_db,smap_schedule_t_back,mt_idx,3,int(11),int,YES,"",NULL,"",회원idx
smap2_db,smap_schedule_t_back,sst_title,4,varchar(100),varchar,YES,"",NULL,"",일정내용
smap2_db,smap_schedule_t_back,sst_sdate,5,datetime,datetime,YES,"",NULL,"",시작일시
smap2_db,smap_schedule_t_back,sst_edate,6,datetime,datetime,YES,"",NULL,"",마감일시
smap2_db,smap_schedule_t_back,sst_sedate,7,varchar(100),varchar,YES,"",NULL,"",시작마감일시
smap2_db,smap_schedule_t_back,sst_all_day,8,"enum('Y','N')",enum,YES,"",'Y',"",하루종일 체크 Y:하루종일
smap2_db,smap_schedule_t_back,sst_repeat_json,9,varchar(200),varchar,YES,"",NULL,"",반복 json
smap2_db,smap_schedule_t_back,sst_repeat_json_v,10,varchar(200),varchar,YES,"",NULL,"",반복
smap2_db,smap_schedule_t_back,sgt_idx,11,int(11),int,YES,"",NULL,"",그룹idx
smap2_db,smap_schedule_t_back,sgdt_idx,12,int(11),int,YES,"",NULL,"",그룹원중 1명 선택된 그룹상세idx
smap2_db,smap_schedule_t_back,sgdt_idx_t,13,varchar(100),varchar,YES,"",NULL,"",그룹원상세
smap2_db,smap_schedule_t_back,sst_alram,14,tinyint(1),tinyint,YES,"",NULL,"","알림 1:시작전, 2:10분전, 3:1시간전, 4:1일전"
smap2_db,smap_schedule_t_back,sst_alram_t,15,varchar(100),varchar,YES,"",NULL,"",알림
smap2_db,smap_schedule_t_back,sst_adate,16,datetime,datetime,YES,"",NULL,"",알림일시
smap2_db,smap_schedule_t_back,slt_idx,17,int(11),int,YES,"",NULL,"",위치idx
smap2_db,smap_schedule_t_back,slt_idx_t,18,varchar(100),varchar,YES,"",NULL,"",위치
smap2_db,smap_schedule_t_back,sst_location_title,19,varchar(50),varchar,YES,"",NULL,"",위치명
smap2_db,smap_schedule_t_back,sst_location_add,20,varchar(100),varchar,YES,"",NULL,"",위치 주소(도로명)
smap2_db,smap_schedule_t_back,sst_location_lat,21,"decimal(16,14)",decimal,YES,"",NULL,"",위치 gps lat 위도
smap2_db,smap_schedule_t_back,sst_location_long,22,"decimal(17,14)",decimal,YES,"",NULL,"",위치 gps long 경도
smap2_db,smap_schedule_t_back,sst_supplies,23,varchar(200),varchar,YES,"",NULL,"",준비물 100자
smap2_db,smap_schedule_t_back,sst_memo,24,text,text,YES,"",NULL,"",메모 500자
smap2_db,smap_schedule_t_back,sst_show,25,"enum('Y','N')",enum,YES,"",'Y',"",노출여부 삭제시 N
smap2_db,smap_schedule_t_back,sst_location_alarm,26,tinyint(1),tinyint,YES,"","4","",위치알림 1:진입알림 2:이탈알림 3:위치알림 안함 4:둘다체크
smap2_db,smap_schedule_t_back,sst_schedule_alarm_chk,27,"enum('Y','N')",enum,YES,"",'Y',"",일정알림 여부 체크 Y:일정알림 N:알림X
smap2_db,smap_schedule_t_back,sst_pick_type,28,varchar(20),varchar,YES,"",NULL,"","일정알림 타입(minute,hour,day)"
smap2_db,smap_schedule_t_back,sst_pick_result,29,int(11),int,YES,"",NULL,"",일정알림 결과
smap2_db,smap_schedule_t_back,sst_schedule_alarm,30,datetime,datetime,YES,"",NULL,"",일정알림시간
smap2_db,smap_schedule_t_back,sst_update_chk,31,varchar(10),varchar,YES,"",NULL,"",수정권한 1:오너 2:리더 3:그룹원
smap2_db,smap_schedule_t_back,sst_wdate,32,datetime,datetime,YES,"",NULL,"",등록일시
smap2_db,smap_schedule_t_back,sst_udate,33,datetime,datetime,YES,"",NULL,"",수정일시
smap2_db,smap_schedule_t_back,sst_ddate,34,datetime,datetime,YES,"",NULL,"",삭제일시
smap2_db,smap_schedule_t_back,sst_in_chk,35,"enum('Y','N')",enum,YES,"",'N',"",진입 여부(Y:진입 N:이탈)
smap2_db,smap_schedule_t_back,sst_schedule_chk,36,"enum('Y','N')",enum,YES,"",'N',"","스케줄 알림 체크여부 (Y: 알림 전송, N 알림 미전송)"
smap2_db,smap_schedule_t_back,sst_entry_cnt,37,int(1),int,YES,"",NULL,"",진입발송카운트
smap2_db,smap_schedule_t_back,sst_exit_cnt,38,int(1),int,YES,"",NULL,"",이탈발송카운트
smap2_db,sms_log_t,slt_idx,1,int(11),int,NO,PRI,,auto_increment,""
smap2_db,sms_log_t,slt_hp,2,varchar(20),varchar,YES,"",NULL,"",수신전화번호
smap2_db,sms_log_t,slt_msg,3,varchar(255),varchar,YES,"",NULL,"",메시지 내용
smap2_db,sms_log_t,slt_number,4,varchar(10),varchar,YES,"",NULL,"",인증번호
smap2_db,sms_log_t,slt_code,5,float,float,YES,"",NULL,"",결과코드 1성공
smap2_db,sms_log_t,slt_result,6,text,text,YES,"",NULL,"",리턴값 json
smap2_db,sms_log_t,slt_request_time,7,varchar(20),varchar,YES,"",NULL,"",만료시간
smap2_db,sms_log_t,slt_wdate,8,datetime,datetime,YES,"",NULL,"",발송일
